1791566693107,11867
1791566694105,31401
1791566695105,58662
1791566696107,85296
1791566697105,117273
1791566698106,184088
1791566699104,246096
1791566700102,306938
1791566701102,379186
1791566702105,464638
1791566703104,544778
1791566704102,617012
1791566705102,691404
1791566706106,769412
1791566707102,858643
1791566708104,944595
1791566709102,1040665
1791566710102,1129296
1791566711103,1227541
1791566712102,1320937
1791566713102,1405005
1791566714102,1490608
1791566715102,1589830
1791566716102,1672748
1791566717102,1762228
1791566718102,1859702
1791566719102,1944561
