1791491138634,0
1791491139639,0
1791491140634,0
1791491141634,0
1791491142634,0
1791491143634,0
1791491144634,0
1791491145634,0
1791491146634,0
1791491147634,0
1791491148634,0
1791491149634,84
1791491150636,5033
1791491151634,16545
1791491152637,46545
1791491153634,72545
1791491154647,100545
1791491155639,120545
1791491156757,148545
1791491157634,168545
1791491158635,190545
1791491159653,212545
1791491160632,236545
1791491161633,272545
1791491162637,310545
1791491163725,370545
1791491164632,416545
1791491165632,484545
1791491166634,540545
1791491167632,598545
1791491168635,670545
1791491169632,732545
1791491170641,798545
1791491171632,874545
1791491172632,942545
1791491173632,1026545
1791491174632,1096545
1791491175632,1192545
1791491176633,1262545
1791491177632,1342545
1791491178662,1430545
1791491179632,1492545
1791491180633,1560545
1791491181632,1644545
1791491182632,1724545
1791491183632,1814545
1791491184632,1904545
1791491185632,1995657
1791491186632,2000000
1791491187632,2000000
1791491188632,2000000
1791491189628,2000000
1791491190628,2000000
1791491191628,2000000
1791491192628,2000000
1791491193628,2000000
1791491194628,2000000
1791491195629,2000000
1791491196628,2000000
1791491197628,2000000
1791491198628,2000000
1791491199628,2000000
1791491200628,2000000
1791491201628,2000000
