1791491542210,0
1791491543186,0
1791491544172,0
1791491545172,0
1791491546172,0
1791491547172,0
1791491548172,0
1791491549169,0
1791491550168,0
1791491551169,0
1791491552169,0
1791491553170,84
1791491554186,802
1791491555178,4605
1791491556170,10290
1791491557183,13361
1791491558174,20074
1791491559168,29035
1791491560288,39442
1791491561168,49961
1791491562171,60865
1791491563447,73207
1791491564184,79041
1791491565227,90847
1791491566177,100839
1791491567188,117579
1791491568168,129773
1791491569169,141194
1791491570328,159677
1791491571168,166895
1791491572170,185702
1791491573184,202502
1791491574225,207150
1791491575227,224860
1791491576260,229066
1791491577179,248939
1791491578178,255414
1791491579168,273495
1791491580168,293495
1791491581165,308495
1791491582204,328495
1791491583168,343495
1791491584165,348495
1791491585166,373495
1791491586168,383495
1791491587165,398495
1791491588172,418495
1791491589174,438495
1791491590167,438495
1791491591165,438495
1791491592165,438495
1791491593165,438495
1791491594165,438495
1791491595165,438495
1791491596165,438495
1791491597168,458495
1791491598165,473495
1791491599168,488495
1791491600165,503495
1791491601165,526836
1791491602165,541836
1791491603200,561836
1791491604168,586836
1791491605165,616836
1791491606165,656836
1791491607165,686836
1791491608165,726836
1791491609162,766836
1791491610162,806836
1791491611165,851836
1791491612162,891836
1791491613162,936836
1791491614162,956836
1791491615162,996142
1791491616162,1012942
1791491617162,1012942
1791491618162,1012942
