1791489365360,5585
1791489366357,40001
1791489367360,57490
1791489368357,80001
1791489369360,100001
1791489370357,120001
1791489371360,140001
1791489372357,160001
1791489373357,180001
1791489374357,200001
1791489375357,220001
1791489376357,240001
1791489377357,260001
1791489378357,280001
1791489379357,300001
1791489380357,320001
1791489381357,340001
1791489382357,360001
1791489383357,380001
1791489384357,400001
1791489385357,420001
1791489386357,440001
1791489387357,460001
1791489388357,480001
1791489389353,500001
1791489390353,520001
1791489391372,531679
1791489392373,550179
1791489393353,580001
1791489394368,593596
1791489395354,599816
1791489396381,637439
1791489397372,652457
1791489398356,676453
1791489399354,700001
1791489400353,720001
1791489401353,740001
1791489402353,760001
1791489403353,780001
1791489404353,800001
1791489405353,820001
1791489406353,840001
1791489407353,860001
1791489408353,880001
1791489409353,900001
1791489410353,920001
1791489411354,940001
1791489412354,960001
1791489413353,980001
1791489414353,1000001
1791489415353,1020001
1791489416353,1040001
1791489417353,1060001
1791489418353,1080001
1791489419348,1100001
1791489420348,1120001
1791489421348,1140001
1791489422348,1160001
1791489423348,1180001
1791489424348,1200001
1791489425348,1220001
1791489426348,1240001
1791489427348,1260001
1791489428348,1280001
1791489429348,1300001
1791489430348,1320001
1791489431348,1340001
1791489432351,1360001
1791489433348,1380001
1791489434348,1400001
1791489435348,1420001
1791489436348,1440001
1791489437348,1460001
1791489438348,1480001
1791489439348,1500001
1791489440348,1520001
1791489441348,1540001
1791489442348,1560001
1791489443348,1580001
1791489444348,1600001
1791489445348,1620001
1791489446348,1640001
1791489447348,1660001
1791489448348,1680001
1791489449346,1700001
1791489450346,1720001
1791489451347,1740001
1791489452346,1760001
1791489453346,1780001
1791489454346,1800001
1791489455346,1820001
1791489456346,1840001
1791489457346,1860001
1791489458346,1880001
1791489459346,1900001
1791489460346,1920001
1791489461346,1940001
1791489462346,1960001
1791489463347,1980001
