1791491325531,0
1791491326463,0
1791491327457,0
1791491328457,0
1791491329460,0
1791491330457,0
1791491331458,0
1791491332457,0
1791491333460,0
1791491334457,0
1791491335485,1465
1791491336477,3091
1791491337457,3131
1791491338468,8233
1791491339460,9523
1791491340498,10445
1791491341453,11870
1791491342453,12427
1791491343453,13912
1791491344466,15318
1791491345453,16681
1791491346516,20739
1791491347457,21897
1791491348459,23847
1791491349572,29660
1791491350453,33770
1791491351468,41217
1791491352494,45138
1791491353493,47746
1791491354464,48934
1791491355612,50133
1791491356466,50520
1791491357480,50900
1791491358460,53667
1791491359455,54996
1791491360491,57050
1791491361456,60263
1791491362453,62828
1791491363455,65427
1791491364465,69804
1791491365464,77055
1791491366453,79191
1791491367453,81801
1791491368461,89084
1791491369594,99118
1791491370482,102148
1791491371450,108825
1791491372450,112092
1791491373453,115497
1791491374451,119343
1791491375470,134178
1791491376450,138930
1791491377473,148897
1791491378457,158757
1791491379462,169081
1791491380450,176608
1791491381465,183284
1791491382450,194427
1791491383462,207482
1791491384450,230567
1791491385516,244354
1791491386451,259612
1791491387450,266229
1791491388450,279733
1791491389453,304237
1791491390461,319542
1791491391450,327245
1791491392460,337330
1791491393450,350925
1791491394450,366312
1791491395457,386397
1791491396453,397671
1791491397450,407825
1791491398450,414508
1791491399446,414508
1791491400446,414508
1791491401446,414508
1791491402446,414508
1791491403446,414508
1791491404446,414508
1791491405446,414508
1791491406446,414508
1791491407446,414508
1791491408446,414508
1791491409446,414508
