1791491324828,0
1791491325834,0
1791491326837,0
1791491327828,0
1791491328828,0
1791491329831,0
1791491330828,0
1791491331828,0
1791491332829,0
1791491333849,0
1791491334894,233
1791491335831,532
1791491336964,1184
1791491337838,2178
1791491338831,3980
1791491339826,4358
1791491340846,6587
1791491341824,7659
1791491342831,9352
1791491343967,10494
1791491344840,13366
1791491345826,14560
1791491346824,17725
1791491347858,19839
1791491348829,23376
1791491349851,27085
1791491350831,29860
1791491351844,35090
1791491352873,39132
1791491353824,43345
1791491354834,45581
1791491355829,47655
1791491356829,50300
1791491357824,51060
1791491358836,53525
1791491359844,54825
1791491360827,57172
1791491361825,60376
1791491362831,62596
1791491363852,66178
1791491364832,69266
1791491365826,73129
1791491366827,77665
1791491367830,80077
1791491368825,86296
1791491369844,91937
1791491370898,98208
1791491371821,99823
1791491372824,105354
1791491373821,110469
1791491374926,115920
1791491375837,125530
1791491376845,132417
1791491377822,135489
1791491378821,146421
1791491379821,151441
1791491380821,160725
1791491381824,165207
1791491382821,175429
1791491383833,185541
1791491384821,189320
1791491385833,193968
1791491386825,205440
1791491387821,212184
1791491388821,221423
1791491389825,226423
1791491390835,236267
1791491391821,241267
1791491392821,262713
1791491393821,264831
1791491394822,269831
1791491395863,284831
1791491396821,292858
1791491397821,296386
1791491398821,314684
1791491399817,327713
1791491400817,357798
1791491401817,367636
1791491402817,372636
1791491403817,372636
1791491404817,377636
1791491405817,387636
1791491406817,402636
1791491407818,412238
1791491408817,412238
1791491409817,412238
1791491410825,412238
