1791489285340,0
1791489286340,0
1791489287340,0
1791489288340,0
1791489289340,0
1791489290340,0
1791489291340,0
1791489292340,0
1791489293340,0
1791489294344,441
1791489295343,22488
1791489296340,56894
1791489297345,108692
1791489298342,162942
1791489299468,206908
1791489300337,250592
1791489301337,309494
1791489302337,377916
1791489303340,482170
1791489304337,539999
1791489305338,641488
1791489306341,741646
1791489307337,820067
1791489308434,915592
1791489309337,1008196
1791489310338,1110196
1791489311337,1204783
1791489312337,1335780
1791489313337,1422916
1791489314337,1533928
1791489315338,1673928
1791489316342,1777928
1791489317337,1873928
1791489318342,1980104
1791489319337,2000000
1791489320337,2000000
1791489321337,2000000
1791489322337,2000000
1791489323337,2000000
1791489324337,2000000
1791489325338,2000000
1791489326337,2000000
1791489327337,2000000
1791489328337,2000000
