1791489294327,8309
1791489295335,26146
1791489296325,62414
1791489297325,115566
1791489298325,174339
1791489299326,205451
1791489300322,264021
1791489301387,331475
1791489302326,404283
1791489303337,491486
1791489304404,592240
1791489305330,695785
1791489306411,774729
1791489307322,861668
1791489308322,969636
1791489309326,1086391
1791489310322,1156922
1791489311322,1255378
1791489312322,1351864
1791489313322,1441533
1791489314323,1621170
1791489315322,1779189
1791489316323,1895999
1791489317322,2000000
