1791491646768,0
1791491647766,0
1791491648766,0
1791491649766,0
1791491650766,0
1791491651766,0
1791491652766,0
1791491653766,0
1791491654766,0
1791491655766,0
1791491656983,219
1791491657777,1061
1791491658797,1890
1791491659776,6614
1791491660772,18845
1791491662509,28147
1791491662794,28147
1791491663975,37727
1791491664784,51240
1791491665766,65240
1791491666862,81240
1791491667776,93240
1791491668766,101240
1791491669764,117240
1791491670765,135240
1791491671765,151240
1791491672770,171240
1791491673764,191240
1791491674764,213240
1791491675764,231240
1791491676766,253240
1791491677770,265240
1791491679032,281240
1791491679764,297240
1791491680830,313240
1791491681770,335240
1791491682764,361240
1791491683764,393240
1791491684764,415240
1791491685767,437240
1791491686766,459240
1791491687774,480553
1791491688766,503548
1791491689764,538301
1791491690770,558349
1791491691787,588479
1791491692764,616479
1791491693795,642479
1791491694764,672479
1791491695764,710479
1791491696857,740479
1791491697775,764479
1791491698816,796479
1791491699768,824479
1791491700761,854102
1791491701772,885279
1791491702761,909552
1791491703761,943780
1791491704763,977780
1791491705761,1007745
1791491706763,1012942
1791491707761,1012942
1791491708761,1012942
1791491709761,1012942
1791491710761,1012942
1791491711761,1012942
1791491712761,1012942
1791491713761,1012942
1791491714761,1012942
1791491715761,1012942
1791491716761,1012942
