1791489602838,0
1791489603838,0
1791489604838,0
1791489605838,0
1791489606838,0
1791489607838,0
1791489608839,0
1791489609838,0
1791489610838,0
1791489611840,572
1791489612840,13476
1791489613839,49221
1791489614838,81145
1791489615846,116640
1791489616839,171556
1791489617840,217491
1791489618940,274394
1791489619843,327511
1791489620838,402291
1791489621838,462972
1791489622842,515902
1791489623838,595105
1791489624945,696046
1791489625847,781507
1791489626838,848262
1791489627840,938610
1791489628838,1051849
1791489629848,1157386
1791489630836,1263239
1791489631835,1394180
1791489632836,1496702
1791489633835,1574684
1791489634873,1593081
1791489635835,1615552
1791489636835,1635217
1791489637835,1654519
1791489638835,1678173
1791489639835,1699149
1791489640835,1718633
1791489641835,1736351
1791489642835,1756448
1791489643856,1774864
1791489644835,1793929
1791489645835,1810885
1791489646835,1830742
1791489647835,1851675
1791489648835,1869252
1791489649835,1888696
1791489650835,1907872
1791489651835,1927468
1791489652835,1947127
1791489653835,1966708
1791489654835,1987574
1791489655835,2000000
1791489656835,2000000
1791489657835,2000000
1791489658835,2000000
1791489659833,2000000
1791489660833,2000000
1791489661833,2000000
